<?xml version="1.0" ?><org.mule.tooling.metadata.cache.MetadataCache><version>3.5.0.07</version><projectMetadataCache><entry><string>JarTry__Connection_Managament_type_strategy</string><map><entry><string>http://www.mulesoft.org/schema/mule/jar-try/my-processor</string><map><entry><string>__default__</string><org.mule.tooling.metadata.cache.DefaultMetadataCacheEntry><output class="org.mule.common.metadata.DefaultMetaData"><payload class="org.mule.common.metadata.DefaultSimpleMetaDataModel"><dataType>STRING</dataType><metaDataModelPropertiesManager><properties></properties></metaDataModelPropertiesManager></payload><properties><entry><org.mule.common.metadata.MetaDataPropertyScope>RECORD</org.mule.common.metadata.MetaDataPropertyScope><org.mule.common.metadata.MetaDataProperties><fields></fields></org.mule.common.metadata.MetaDataProperties></entry><entry><org.mule.common.metadata.MetaDataPropertyScope>OUTBOUND</org.mule.common.metadata.MetaDataPropertyScope><org.mule.common.metadata.MetaDataProperties><fields></fields></org.mule.common.metadata.MetaDataProperties></entry><entry><org.mule.common.metadata.MetaDataPropertyScope>FLOW</org.mule.common.metadata.MetaDataPropertyScope><org.mule.common.metadata.MetaDataProperties><fields></fields></org.mule.common.metadata.MetaDataProperties></entry><entry><org.mule.common.metadata.MetaDataPropertyScope>INBOUND</org.mule.common.metadata.MetaDataPropertyScope><org.mule.common.metadata.MetaDataProperties><fields></fields></org.mule.common.metadata.MetaDataProperties></entry><entry><org.mule.common.metadata.MetaDataPropertyScope>SESSION</org.mule.common.metadata.MetaDataPropertyScope><org.mule.common.metadata.MetaDataProperties><fields></fields></org.mule.common.metadata.MetaDataProperties></entry></properties></output></org.mule.tooling.metadata.cache.DefaultMetadataCacheEntry></entry></map></entry></map></entry></projectMetadataCache></org.mule.tooling.metadata.cache.MetadataCache>